COM,P0702
COM,P0102
COM,P0070
COM,P0003
COM,P0681
COM,P0244
COM,P0051
COM,P0655
COM,P0769
COM,P0417
COM,P0254
COM,P0125
COM,P0787
COM,P0574
COM,P0784
COM,P0232
COM,P0600
FIN,P0036
FIN,P0215
FIN,P0223
FIN,P0482
FIN,P0117
FIN,P0653
FIN,P0593
FIN,P0085
FIN,P0778
FIN,P0261
FIN,P0173
FIN,P0738
FIN,P0041
FIN,P0342
DGE,P0717
DGE,P0780
DGE,P0648
DGE,P0535
DGE,P0333
DGE,P0029
DGE,P0517
DGE,P0459
MAR,P0224
MAR,P0764
MAR,P0399
MAR,P0523
MAR,P0471
MAR,P0379
MAR,P0040
MAR,P0043
MAR,P0663
MAR,P0607
MAR,P0489
MAR,P0046
MAR,P0024
MAR,P0483
MAR,P0116
MAR,P0712
MAR,P0541
MAR,P0292
MAR,P0649
MAR,P0601
MAR,P0058
MAR,P0481
RD,P0820
RD,P0141
RD,P0269
RD,P0776
RD,P0801
RD,P0814
RD,P0830
RD,P0813
RD,P0832
RD,P0815
RD,P0812
RD,P0791
RD,P0162
RD,P0819
RD,P0667
RD,P0821
RD,P0370
RD,P0195
RD,P0341
RD,P0071
RD,P0235
RD,P0788
RD,P0790
RD,P0467
RD,P0047
RD,P0359
RD,P0360
RD,P0245
RD,P0216
RH,P0105
RH,P0328
RH,P0044
RH,P0516
RH,P0772
RH,P0038
RH,P0104
RH,P0536
RH,P0450
RH,P0202
RH,P0644
RH,P0595
RH,P0167
RH,P0461
RH,P0490
RH,P0708
RH,P0485
RH,P0669
RH,P0718
RH,P0445
RH,P0501
RH,P0594
RH,P0504
RH,P0068
JUR,P0618
JUR,P0557
JUR,P0654
JUR,P0588
JUR,P0198
JUR,P0368
JUR,P0491
JUR,P0175
SGEN,P0616
SGEN,P0293
SGEN,P0096
SGEN,P0367
SGEN,P0680
SGEN,P0745
SGEN,P0558
SGEN,P0308
SGEN,P0728
SGEN,P0039
SGEN,P0454
SGEN,P0711
SIC,P0343
SIC,P0357
SIC,P0267
SIC,P0277
SIC,P0249
SIC,P0124
VDC,P0180
VDC,P0777
VDC,P0122
VDC,P0428
VDC,P0705
VDC,P0456
VDC,P0734
VDC,P0572
VDC,P0707
VDC,P0053
VDC,P0099
VDC,P0077
VDC,P0528
VDC,P0369
VDC,P0186
VDC,P0086
VDC,P0182
VDC,P0390
VDC,P0188
VDC,P0606
VDC,P0524
VDC,P0659
VDC,P0408
VDC,P0775
VDC,P0241
VDC,P0031
VDC,P0042
VDC,P0362
VDC,P0194
VDC,P0710
VDC,P0260
VDC,P0460
VDC,P0709
VDC,P0628
VDC,P0033
VDC,P0783
VDC,P0493
VDC,P0584
VDC,P0348
VDC,P0569
VDC,P0363
VDC,P0019
VDC,P0291
VDC,P0425
VDC,P0451
VDC,P0243
,
,

